{
  "annotations/annotation.xml": 1703636341856,
  "test/integration/pages/mitigationList.js": 1703636341876,
  "test/integration/pages/mitigationObjectPage.js": 1703636341880,
  "test/integration/pages/risksObjectPage.js": 1703636341880,
  "test/integration/opaTests.qunit.js": 1703636341876,
  "test/integration/FirstJourney.js": 1703636341872,
  "test/testsuite.qunit.js": 1703636341884,
  "xs-app.json": 1703636341888,
  "manifest.json": 1703636341868,
  "Component.js": 1703636341856,
  "test/integration/opaTests.qunit-dbg.js": 1703636341876,
  "test/integration/opaTests.qunit.js.map": 1703636997054,
  "test/integration/pages/mitigationObjectPage-dbg.js": 1703636341880,
  "test/integration/pages/mitigationObjectPage.js.map": 1703636997051,
  "test/integration/pages/risksObjectPage-dbg.js": 1703636341880,
  "test/integration/pages/risksObjectPage.js.map": 1703636997060,
  "test/integration/pages/mitigationList-dbg.js": 1703636341876,
  "test/integration/pages/mitigationList.js.map": 1703636997056,
  "test/integration/FirstJourney-dbg.js": 1703636341872,
  "test/integration/FirstJourney.js.map": 1703636997059,
  "test/testsuite.qunit-dbg.js": 1703636341884,
  "test/testsuite.qunit.js.map": 1703636997059,
  "Component-dbg.js": 1703636341856,
  "Component.js.map": 1703636997059,
  "Component-preload.js": 1703636997157,
  "Component-preload.js.map": 1703636997157,
  "test/integration/opaTests.qunit.html": 1703636341872,
  "test/testsuite.qunit.html": 1703636341884,
  "test/flpSandbox.html": 1703636341868,
  "localService/metadata.xml": 1703636341868,
  "i18n/i18n.properties": 1703636341860,
  "index.html": 1703636341860
}