{
  "Component.js": 1703636341764,
  "test/integration/pages/risksList.js": 1703636341784,
  "test/integration/pages/risksObjectPage.js": 1703636341788,
  "test/integration/opaTests.qunit.js": 1703636341784,
  "test/integration/FirstJourney.js": 1703636341780,
  "test/testsuite.qunit.js": 1703636341792,
  "xs-app.json": 1703636341796,
  "manifest.json": 1703636341776,
  "i18n/i18n.properties": 1703636341768,
  "test/integration/opaTests.qunit-dbg.js": 1703636341784,
  "test/integration/opaTests.qunit.js.map": 1703636987304,
  "test/integration/pages/risksObjectPage-dbg.js": 1703636341788,
  "test/integration/pages/risksObjectPage.js.map": 1703636987298,
  "test/integration/pages/risksList-dbg.js": 1703636341784,
  "test/integration/pages/risksList.js.map": 1703636987301,
  "test/integration/FirstJourney-dbg.js": 1703636341780,
  "test/integration/FirstJourney.js.map": 1703636987301,
  "test/testsuite.qunit-dbg.js": 1703636341792,
  "test/testsuite.qunit.js.map": 1703636987305,
  "Component-dbg.js": 1703636341764,
  "Component.js.map": 1703636987304,
  "Component-preload.js": 1703636987398,
  "Component-preload.js.map": 1703636987398,
  "test/integration/opaTests.qunit.html": 1703636341780,
  "test/testsuite.qunit.html": 1703636341792,
  "test/flpSandbox.html": 1703636341776,
  "localService/metadata.xml": 1703636341776,
  "annotations/annotation.xml": 1703636341764,
  "index.html": 1703636341768
}